{"cameraMode":{"drawMode":0,"name":"Shaded","section":"Shading Mode"},"sceneLighting":true,"audioPlay":false,"sceneViewState":{"m_AlwaysRefresh":false,"showFog":true,"showSkybox":true,"showFlares":true,"showImageEffects":true,"showParticleSystems":true,"showVisualEffectGraphs":true,"m_FxEnabled":true},"in2DMode":false,"pivot":{"x":0.0145571855828166,"y":3.7378151416778566,"z":-18.732847213745118},"rotation":{"x":-0.05871796980500221,"y":-0.04431188106536865,"z":0.0026089376769959928,"w":-0.9972901344299316},"size":7.972504615783691,"orthographic":false}